{
  "timestamp": "2026-04-13T10:33:45.928390",
  "config": {
    "mode": "mimo",
    "mimo_rank": 4,
    "seq_len": 256,
    "batch_sizes": [
      1,
      8,
      32,
      128
    ],
    "d_model": 256,
    "d_state": 64,
    "headdim": 32,
    "device": "cuda",
    "gpu_name": "NVIDIA A100-PCIE-40GB"
  },
  "single_step": {
    "1": {
      "pytorch_ms": 1.1580055207014084,
      "triton_ms": 0.9164256183430552,
      "speedup": 1.2636110312969449
    },
    "8": {
      "pytorch_ms": 1.2484625820070505,
      "triton_ms": 0.9316084184683859,
      "speedup": 1.3401151784991272
    },
    "32": {
      "pytorch_ms": 1.2596049206331372,
      "triton_ms": 0.9447140409611166,
      "speedup": 1.3333187250521465
    },
    "128": {
      "pytorch_ms": 1.2440421781502664,
      "triton_ms": 0.9359090402722359,
      "speedup": 1.3292340650843604
    }
  },
  "autoregressive": {
    "1": {
      "pytorch": {
        "total_ms": 290.45415700723726,
        "per_token_ms": 1.1345865508095205,
        "tokens_per_sec": 881.378330535036
      },
      "triton": {
        "total_ms": 234.04073299995312,
        "per_token_ms": 0.9142216132810669,
        "tokens_per_sec": 1093.8266887074365
      },
      "speedup": 1.2410410499239697
    },
    "8": {
      "pytorch": {
        "total_ms": 316.05908965381485,
        "per_token_ms": 1.2346058189602143,
        "tokens_per_sec": 809.9751229442613
      },
      "triton": {
        "total_ms": 239.94475533254445,
        "per_token_ms": 0.9372842005177517,
        "tokens_per_sec": 1066.912255053061
      },
      "speedup": 1.3172160784084734
    },
    "32": {
      "pytorch": {
        "total_ms": 314.9869670548166,
        "per_token_ms": 1.2304178400578774,
        "tokens_per_sec": 812.7320390225822
      },
      "triton": {
        "total_ms": 236.5250396930302,
        "per_token_ms": 0.9239259363008993,
        "tokens_per_sec": 1082.3378376016553
      },
      "speedup": 1.3317277843547424
    },
    "128": {
      "pytorch": {
        "total_ms": 336.69293163499486,
        "per_token_ms": 1.3152067641991987,
        "tokens_per_sec": 760.336722119034
      },
      "triton": {
        "total_ms": 244.01648769465586,
        "per_token_ms": 0.9531894050572495,
        "tokens_per_sec": 1049.109436901409
      },
      "speedup": 1.3797958277979454
    }
  }
}