{
  "timestamp": "2026-04-13T10:31:50.945908",
  "config": {
    "mode": "mimo",
    "mimo_rank": 4,
    "seq_len": 256,
    "batch_sizes": [
      1,
      8,
      32,
      128
    ],
    "d_model": 256,
    "d_state": 64,
    "headdim": 32,
    "device": "cuda",
    "gpu_name": "NVIDIA A100-PCIE-40GB"
  },
  "single_step": {
    "1": {
      "pytorch_ms": 1.136459638364613,
      "triton_ms": 0.8989831595681608,
      "speedup": 1.264161209549829
    },
    "8": {
      "pytorch_ms": 1.2394326995126903,
      "triton_ms": 0.9288308001123369,
      "speedup": 1.3344009472584113
    },
    "32": {
      "pytorch_ms": 1.2530158995650709,
      "triton_ms": 0.9356046188622713,
      "speedup": 1.3392579240243416
    },
    "128": {
      "pytorch_ms": 1.2524135201238096,
      "triton_ms": 0.9428413608111441,
      "speedup": 1.3283396042854279
    }
  },
  "autoregressive": {
    "1": {
      "pytorch": {
        "total_ms": 290.44111461068195,
        "per_token_ms": 1.1345356039479764,
        "tokens_per_sec": 881.4179092486678
      },
      "triton": {
        "total_ms": 233.43236465007067,
        "per_token_ms": 0.9118451744143385,
        "tokens_per_sec": 1096.6774053964607
      },
      "speedup": 1.2442195624675734
    },
    "8": {
      "pytorch": {
        "total_ms": 333.80799868609756,
        "per_token_ms": 1.3039374948675686,
        "tokens_per_sec": 766.9079261361088
      },
      "triton": {
        "total_ms": 238.79063164349645,
        "per_token_ms": 0.932775904857408,
        "tokens_per_sec": 1072.068858975156
      },
      "speedup": 1.3979107822975976
    },
    "32": {
      "pytorch": {
        "total_ms": 317.2778803079079,
        "per_token_ms": 1.2393667199527652,
        "tokens_per_sec": 806.8636860267735
      },
      "triton": {
        "total_ms": 240.20340367375562,
        "per_token_ms": 0.9382945456006079,
        "tokens_per_sec": 1065.7634158577507
      },
      "speedup": 1.3208717089572755
    },
    "128": {
      "pytorch": {
        "total_ms": 319.12260203777504,
        "per_token_ms": 1.2465726642100587,
        "tokens_per_sec": 802.1995257161286
      },
      "triton": {
        "total_ms": 242.45801234307388,
        "per_token_ms": 0.9471016107151323,
        "tokens_per_sec": 1055.8529187221268
      },
      "speedup": 1.3161973859054081
    }
  }
}