{
  "timestamp": "2026-04-15T05:21:05.191899",
  "config": {
    "mode": "mimo",
    "mimo_rank": 4,
    "seq_len": 256,
    "batch_sizes": [
      1,
      8,
      32,
      128
    ],
    "d_model": 512,
    "d_state": 128,
    "headdim": 32,
    "device": "cuda",
    "gpu_name": "NVIDIA A100-PCIE-40GB"
  },
  "single_step": {
    "1": {
      "pytorch_ms": 1.2565225409343839,
      "compile_ms": 0.5270716175436974,
      "compile_cuda_graph_ms": NaN,
      "triton_ms": 0.9311375021934509,
      "triton_fused_ms": 0.972529100254178,
      "triton_fused_cuda_graph_ms": 0.2290089800953865,
      "triton_full_fused_ms": 0.2671553008258343,
      "triton_full_fused_cuda_graph_ms": 0.271089100278914,
      "speedup_compile": 2.3839692730755146,
      "speedup_compile_cuda_graph": NaN,
      "speedup_triton": 1.3494489674988213,
      "speedup_triton_fused": 1.292015365510381,
      "speedup_triton_fused_cuda_graph": 5.486782834502904,
      "speedup_triton_full_fused": 4.703341229053676,
      "speedup_triton_full_fused_cuda_graph": 4.635090601730546,
      "percentiles": {
        "pytorch": {
          "mean_ms": 1.2638968403916806,
          "p50_ms": 1.2630554847419262,
          "p95_ms": 1.4465572661720216,
          "p99_ms": 2.2186387074179947,
          "p99_p50_ratio": 1.7565647227851737
        },
        "compile": {
          "mean_ms": 0.4984029848128557,
          "p50_ms": 0.49188046250492334,
          "p95_ms": 0.5195075995288789,
          "p99_ms": 0.5483006313443167,
          "p99_p50_ratio": 1.1147030084343483
        },
        "compile_cuda_graph": null,
        "triton": {
          "mean_ms": 0.9758411871735007,
          "p50_ms": 0.9546239161863923,
          "p95_ms": 1.1228373274207115,
          "p99_ms": 1.1836830968968568,
          "p99_p50_ratio": 1.2399470375994017
        },
        "triton_fused": {
          "mean_ms": 0.9734237822704017,
          "p50_ms": 0.9313649497926235,
          "p95_ms": 1.0747038410045207,
          "p99_ms": 1.1231923918239768,
          "p99_p50_ratio": 1.2059637761481847
        },
        "triton_fused_cuda_graph": {
          "mean_ms": 0.2419675816781819,
          "p50_ms": 0.2413321053609252,
          "p95_ms": 0.24380156537517905,
          "p99_ms": 0.24578192271292207,
          "p99_p50_ratio": 1.0184385635112325
        },
        "triton_full_fused": {
          "mean_ms": 0.37961621186695993,
          "p50_ms": 0.37823093589395285,
          "p95_ms": 0.3870915272273123,
          "p99_ms": 0.3887825994752347,
          "p99_p50_ratio": 1.0278974102325682
        },
        "triton_full_fused_cuda_graph": {
          "mean_ms": 0.2848637488204986,
          "p50_ms": 0.2842096146196127,
          "p95_ms": 0.28702953131869435,
          "p99_ms": 0.290898394305259,
          "p99_p50_ratio": 1.0235346706852215
        }
      }
    },
    "8": {
      "pytorch_ms": 1.4260734198614955,
      "compile_ms": 0.654865619726479,
      "compile_cuda_graph_ms": NaN,
      "triton_ms": 0.9638619562610984,
      "triton_fused_ms": 0.9293729206547141,
      "triton_fused_cuda_graph_ms": 0.2502015419304371,
      "triton_full_fused_ms": 0.35204736050218344,
      "triton_full_fused_cuda_graph_ms": 0.35628796089440584,
      "speedup_compile": 2.177658097942492,
      "speedup_compile_cuda_graph": NaN,
      "speedup_triton": 1.4795411423782656,
      "speedup_triton_fused": 1.5344469245530323,
      "speedup_triton_fused_cuda_graph": 5.699698766276921,
      "speedup_triton_full_fused": 4.050799920292687,
      "speedup_triton_full_fused_cuda_graph": 4.002586605176214,
      "percentiles": {
        "pytorch": {
          "mean_ms": 1.5086104604415596,
          "p50_ms": 1.4856311026960611,
          "p95_ms": 1.5811712597496808,
          "p99_ms": 1.6440921369940036,
          "p99_p50_ratio": 1.106662437270177
        },
        "compile": {
          "mean_ms": 0.5486646795179695,
          "p50_ms": 0.5460649263113737,
          "p95_ms": 0.5793450749479234,
          "p99_ms": 0.5968711967580016,
          "p99_p50_ratio": 1.0930407136561953
        },
        "compile_cuda_graph": null,
        "triton": {
          "mean_ms": 1.0207723954226822,
          "p50_ms": 0.9906445629894733,
          "p95_ms": 1.1647884966805577,
          "p99_ms": 1.2322424026206127,
          "p99_p50_ratio": 1.2438794383548306
        },
        "triton_fused": {
          "mean_ms": 0.9652046067640185,
          "p50_ms": 0.9536234429106116,
          "p95_ms": 1.0780928540043533,
          "p99_ms": 1.126414630562067,
          "p99_p50_ratio": 1.1811943581463025
        },
        "triton_fused_cuda_graph": {
          "mean_ms": 0.26370286708697677,
          "p50_ms": 0.26200106367468834,
          "p95_ms": 0.26872886810451746,
          "p99_ms": 0.28627193067222795,
          "p99_p50_ratio": 1.0926365208489204
        },
        "triton_full_fused": {
          "mean_ms": 0.48244932666420937,
          "p50_ms": 0.47696661204099655,
          "p95_ms": 0.5040706950239837,
          "p99_ms": 0.5260651535354554,
          "p99_p50_ratio": 1.1029391581191823
        },
        "triton_full_fused_cuda_graph": {
          "mean_ms": 0.2188947214744985,
          "p50_ms": 0.21760049276053905,
          "p95_ms": 0.22365988697856665,
          "p99_ms": 0.2379574137739836,
          "p99_p50_ratio": 1.0935518148658172
        }
      }
    },
    "32": {
      "pytorch_ms": 1.496121441014111,
      "compile_ms": 0.631260983645916,
      "compile_cuda_graph_ms": NaN,
      "triton_ms": 0.981633123010397,
      "triton_fused_ms": 1.0608626389876008,
      "triton_fused_cuda_graph_ms": 0.17998664174228907,
      "triton_full_fused_ms": 0.9625947382301092,
      "triton_full_fused_cuda_graph_ms": 0.9645769605413079,
      "speedup_compile": 2.3700521333872087,
      "speedup_compile_cuda_graph": NaN,
      "speedup_triton": 1.524114667632568,
      "speedup_triton_fused": 1.4102876150317492,
      "speedup_triton_fused_cuda_graph": 8.312402667950815,
      "speedup_triton_full_fused": 1.5542589021055522,
      "speedup_triton_full_fused_cuda_graph": 1.5510648732212176,
      "percentiles": {
        "pytorch": {
          "mean_ms": 1.598366240505129,
          "p50_ms": 1.591039472259581,
          "p95_ms": 1.7839278909377754,
          "p99_ms": 1.8002394842915237,
          "p99_p50_ratio": 1.1314863745868218
        },
        "compile": {
          "mean_ms": 0.5538036266807467,
          "p50_ms": 0.551014905795455,
          "p95_ms": 0.581835035700351,
          "p99_ms": 0.6084514944814146,
          "p99_p50_ratio": 1.1042378129554282
        },
        "compile_cuda_graph": null,
        "triton": {
          "mean_ms": 0.9940562560223043,
          "p50_ms": 0.994005473330617,
          "p95_ms": 1.003040059003979,
          "p99_ms": 1.00481650326401,
          "p99_p50_ratio": 1.0108762277708274
        },
        "triton_fused": {
          "mean_ms": 0.9689536679070443,
          "p50_ms": 0.9670444997027516,
          "p95_ms": 0.9838013211265206,
          "p99_ms": 1.002882111351937,
          "p99_p50_ratio": 1.0370589064517726
        },
        "triton_fused_cuda_graph": {
          "mean_ms": 0.2851345844101161,
          "p50_ms": 0.28457457665354013,
          "p95_ms": 0.28916061855852604,
          "p99_ms": 0.30711250146850944,
          "p99_p50_ratio": 1.0791986588542253
        },
        "triton_full_fused": {
          "mean_ms": 0.795594226801768,
          "p50_ms": 0.6925035268068314,
          "p95_ms": 0.942619051784277,
          "p99_ms": 0.9653738304041326,
          "p99_p50_ratio": 1.3940345327272483
        },
        "triton_full_fused_cuda_graph": {
          "mean_ms": 0.5439250683411956,
          "p50_ms": 0.5434955237433314,
          "p95_ms": 0.5466581555083394,
          "p99_ms": 0.5573482834734022,
          "p99_p50_ratio": 1.025488268301935
        }
      }
    },
    "128": {
      "pytorch_ms": 1.543221459724009,