{
  "timestamp": "2026-04-14T11:53:24.434887",
  "config": {
    "mode": "mimo",
    "mimo_rank": 4,
    "seq_len": 256,
    "batch_sizes": [
      1,
      8,
      32,
      64
    ],
    "d_model": 512,
    "d_state": 128,
    "headdim": 64,
    "device": "cuda",
    "gpu_name": "NVIDIA A100-PCIE-40GB"
  },
  "single_step": {
    "1": {
      "pytorch_ms": 1.2775127799250185,
      "triton_ms": 0.9303784999065101,
      "cuda_graph_ms": 0.12908186065033078,
      "speedup_triton": 1.373110814634464,
      "speedup_cuda_graph": 9.896919470239638,
      "compile_ms": 0.5157411005347967,
      "speedup_compile": 2.477042800351386,
      "percentiles": {
        "PyTorch": {
          "mean_ms": 1.2612186337355524,
          "p50_ms": 1.2774195056408644,
          "p95_ms": 1.3814112346153704,
          "p99_ms": 1.4669949770905077
        },
        "Triton": {
          "mean_ms": 0.9551311109680682,
          "p50_ms": 0.9516479913145304,
          "p95_ms": 0.9634821093641222,
          "p99_ms": 0.9813943738117813
        },
        "CUDA Graph": {
          "mean_ms": 0.24366381403524429,
          "p50_ms": 0.24292548187077045,
          "p95_ms": 0.2452086249832064,
          "p99_ms": 0.25308326235972345
        },
        "Compile": {
          "mean_ms": 0.5160113744204864,
          "p50_ms": 0.5019729142077267,
          "p95_ms": 0.6738884781952947,
          "p99_ms": 0.6804382172413169
        }
      }
    },
    "8": {
      "pytorch_ms": 1.3339278590865433,
      "triton_ms": 0.9608991793356836,
      "cuda_graph_ms": 0.2446389012038708,
      "speedup_triton": 1.38820792833724,
      "speedup_cuda_graph": 5.452640003377505,
      "compile_ms": 0.5997810582630336,
      "speedup_compile": 2.2240246515113355,
      "percentiles": {
        "PyTorch": {
          "mean_ms": 1.4139161130879074,
          "p50_ms": 1.4434315380640328,
          "p95_ms": 1.5550571901258081,
          "p99_ms": 1.5824160596821457
        },
        "Triton": {
          "mean_ms": 0.9785018471302465,
          "p50_ms": 0.9775779908522964,
          "p95_ms": 0.9898640972096473,
          "p99_ms": 0.9953424730338156
        },
        "CUDA Graph": {
          "mean_ms": 0.25581284367945045,
          "p50_ms": 0.2550290082581341,
          "p95_ms": 0.2575600054115057,
          "p99_ms": 0.26062273187562823
        },
        "Compile": {
          "mean_ms": 0.6075808004243299,
          "p50_ms": 0.5522500141523778,
          "p95_ms": 0.7265640364494175,
          "p99_ms": 0.752988114254549
        }
      }
    },
    "32": {
      "pytorch_ms": 1.2556988396681845,
      "triton_ms": 0.9857769799418746,
      "cuda_graph_ms": 0.24276325944811106,
      "speedup_triton": 1.2738163552391186,
      "speedup_cuda_graph": 5.172524221840008,
      "compile_ms": 0.7364191184751689,
      "speedup_compile": 1.7051415534515688,
      "percentiles": {
        "PyTorch": {
          "mean_ms": 1.705126246670261,
          "p50_ms": 1.681757508777082,
          "p95_ms": 1.906347757903859,
          "p99_ms": 1.9383763126097617
        },
        "Triton": {
          "mean_ms": 1.0322817508131266,
          "p50_ms": 1.0197705123573542,
          "p95_ms": 1.1293879593722522,
          "p99_ms": 1.1649779917206615
        },
        "CUDA Graph": {
          "mean_ms": 0.2893813862465322,
          "p50_ms": 0.29769144020974636,
          "p95_ms": 0.30244807130657136,
          "p99_ms": 0.30779649619944377
        },
        "Compile": {
          "mean_ms": 0.8189509413205087,
          "p50_ms": 0.8269165409728885,
          "p95_ms": 0.961879052920267,
          "p99_ms": 0.9946498018689452
        }
      }
    },
    "64": {
      "pytorch_ms": 1.3186645810492337,
      "triton_ms": 0.9691495401784778,
      "cuda_graph_ms": 0.2710264013148844,
      "speedup_triton": 1.3606409809639795,
      "speedup_cuda_graph": 4.865446962553217,
      "compile_ms": 0.5798351997509599,
      "speedup_compile": 2.2742058116092334,
      "percentiles": {
        "PyTorch": {
          "mean_ms": 1.687890887260437,
          "p50_ms": 1.6516695031896234,
          "p95_ms": 1.838492281967774,
          "p99_ms": 1.8626285169739276
        },
        "Triton": {
          "mean_ms": 0.9953246655641124,
          "p50_ms": 0.9938949369825423,
          "p95_ms": 1.0073376237414777,
          "p99_ms": 1.0223218798637388
        },
        "CUDA Graph": {
          "mean_ms": 0.3032158559653908,
          "p50_ms": 0.302436004858464,
          "p95_ms": 0.30682949000038207,
          "p99_ms": 0.3096386732067913
        },
        "Compile": {
          "mean_ms": 0.607952608843334,
          "p50_ms": 0.5692075355909765,
          "p95_ms": 0.7681607152335346,
          "p99_ms": 0.7925413537304848
        }
      }
    }
  },
  "autoregressive": {
    "1": {
      "pytorch": {
        "total_ms": 299.782599012057,
        "per_token_ms": 1.1710257773908477,
        "tokens_per_sec": 853.9521668157394
      },
      "triton": {
        "total_ms": 237.33878694474697,
        "per_token_ms": 0.9271046365029179,
        "tokens_per_sec": 1078.6268999495535
      },
      "cuda_graph": {
        "total_ms": 58.955487329512835,
        "per_token_ms": 0.2302948723809095,
        "tokens_per_sec": 4342.259077075725
      },
      "speedup_triton": 1.2630999040281061,
      "speedup_cuda_graph": 5.084897311365066,
      "compile": {
        "total_ms": 121.03391039030005,
        "per_token_ms": 0.4727887124621096,
        "tokens_per_sec": 2115.1097173880657
      },
      "speedup_compile": 2.476848001071296
    },
    "8": {
      "pytorch": {
        "total_ms": 333.5572313129281,
        "per_token_ms": 1.3029579348161253,
        "tokens_per_sec": 767.4844853230975
      },
      "triton": {
        "total_ms": 245.62918363759914,
        "per_token_ms": 0.9594889985843716,
        "tokens_per_sec": 1042.2214339876728
      },
      "cuda_graph": {
        "total_ms": 61.39938432412843,
        "per_token_ms": 0.23984134501612667,
        "tokens_per_sec": 4169.422915522598
      },
      "speedup_triton": 1.3579706872496788,
      "speedup_cuda_graph": 5.432582671384352,
      "compile": {
        "total_ms": 138.5375806906571,
        "per_token_ms": 0.5411624245728793,
        "tokens_per_sec": 1847.874047776442
      },
      "speedup_compile": 2.407702153091107
    },
    "32": {
      "pytorch": {
        "total_ms": 373.8439876275758,
        "per_token_ms": 1.460328076670218,
        "tokens_per_sec": 684.7776304350459
      },
      "triton": {
        "total_ms": 246.4732259977609,
        "per_token_ms": 0.9627860390537535,
        "tokens_per_sec": 1038.652368684969
      },
      "cuda_graph": {
        "total_ms": 57.451649995831154,
        "per_token_ms": 0.22442050779621545,
        "tokens_per_sec": 4455.920761519922
      },
      "speedup_triton": 1.5167732158906868,
      "speedup_cuda_graph": 6.507106195465282,
      "compile": {
        "total_ms": 157.9463923893248,
        "per_token_ms": 0.6169780952708,
        "tokens_per_sec": 1620.8030846882602
      },
      "speedup_compile": 2.3669042513239633
    },
    "64": {
      "pytorch": {
        "total_ms": 353.67300334231305,
        "per_token_ms": 1.3815351693059104,
        "tokens_per_sec": 723.8324598731747
      },
      "triton": {
        "total_ms": 247.22429434768856,
        "per_token_ms": 0.9657198997956584,
        "tokens_per_sec": 1035.4969388241818
      },
      "cuda_graph": {
        "total_ms": 56.73240936206033,
        "per_token_ms": 0.22161097407054817,
        "tokens_per_sec": 4512.411915493218
      },
      "speedup_triton": 1.430575438694218,
      "speedup_cuda_graph": 6.234055759648929,
      "compile": {
        "total_ms": 158.2828020133699,
        "per_token_ms": 0.6182921953647261,
        "tokens_per_sec": 1617.3582773596345
      },
      "speedup_compile": 2.234437341540358
    }
  }
}