{
  "timestamp": "2026-04-15T05:33:44.500438",
  "config": {
    "mode": "mimo",
    "mimo_rank": 4,
    "seq_len": 256,
    "batch_sizes": [
      1,
      8,
      32,
      128
    ],
    "d_model": 256,
    "d_state": 64,
    "headdim": 32,
    "device": "cuda",
    "gpu_name": "NVIDIA A100-PCIE-40GB"
  },
  "single_step": {
    "1": {
      "pytorch_ms": 1.2252591038122773,
      "compile_ms": 0.5315522197633982,
      "compile_cuda_graph_ms": NaN,
      "triton_ms": 0.9232004405930638,
      "triton_fused_ms": 0.8776530204340816,
      "triton_fused_cuda_graph_ms": 0.3195704985409975,
      "triton_full_fused_ms": 0.18044037744402885,
      "triton_full_fused_cuda_graph_ms": 0.20264227874577045,
      "speedup_compile": 2.305058766112685,
      "speedup_compile_cuda_graph": NaN,
      "speedup_triton": 1.3271864374600721,
      "speedup_triton_fused": 1.396063222349844,
      "speedup_triton_fused_cuda_graph": 3.83408077218082,
      "speedup_triton_full_fused": 6.790382070622429,
      "speedup_triton_full_fused_cuda_graph": 6.0464139635414105,
      "percentiles": {
        "pytorch": {
          "mean_ms": 1.180154879167676,
          "p50_ms": 1.235967993736267,
          "p95_ms": 1.3479936063289641,
          "p99_ms": 1.4879334449768067,
          "p99_p50_ratio": 1.2038608220580704
        },
        "compile": {
          "mean_ms": 0.4552857606112957,
          "p50_ms": 0.47206398844718933,
          "p95_ms": 0.49525761008262614,
          "p99_ms": 0.5521714907884596,
          "p99_p50_ratio": 1.1696962791099073
        },
        "compile_cuda_graph": null,
        "triton": {
          "mean_ms": 0.8541798400878906,
          "p50_ms": 0.9241600036621094,
          "p95_ms": 1.0414591431617737,
          "p99_ms": 1.428551708459854,
          "p99_p50_ratio": 1.5457839581880022
        },
        "triton_fused": {
          "mean_ms": 0.8263167977333069,
          "p50_ms": 0.8806399703025818,
          "p95_ms": 0.9219071835279463,
          "p99_ms": 1.0017382359504696,
          "p99_p50_ratio": 1.1375116616683651
        },
        "triton_fused_cuda_graph": {
          "mean_ms": 0.12108800224959851,
          "p50_ms": 0.12083200365304947,
          "p95_ms": 0.12497919797897337,
          "p99_ms": 0.12800000607967377,
          "p99_p50_ratio": 1.0593220521874827
        },
        "triton_full_fused": {
          "mean_ms": 0.07621631938964128,
          "p50_ms": 0.06451199948787689,
          "p95_ms": 0.06763520054519175,
          "p99_ms": 0.5018828856945037,
          "p99_p50_ratio": 7.779682689711355
        },
        "triton_full_fused_cuda_graph": {
          "mean_ms": 0.06928384110331536,
          "p50_ms": 0.06963200122117996,
          "p95_ms": 0.07065600156784058,
          "p99_ms": 0.07168000191450119,
          "p99_p50_ratio": 1.0294117741470037
        }
      }
    },
    "8": {
      "pytorch_ms": 1.2438141601160169,
      "compile_ms": 0.5611568596214056,
      "compile_cuda_graph_ms": NaN,
      "triton_ms": 0.9283670363947749,
      "triton_fused_ms": 0.8908304618671536,
      "triton_fused_cuda_graph_ms": 0.22292369976639748,
      "triton_full_fused_ms": 0.18090087920427322,
      "triton_full_fused_cuda_graph_ms": 0.14013385865837336,
      "speedup_compile": 2.216517786052153,
      "speedup_compile_cuda_graph": NaN,
      "speedup_triton": 1.3397870791990318,
      "speedup_triton_fused": 1.3962411630031377,
      "speedup_triton_fused_cuda_graph": 5.579551036607656,
      "speedup_triton_full_fused": 6.87566674958778,
      "speedup_triton_full_fused_cuda_graph": 8.875900314343452,
      "percentiles": {
        "pytorch": {
          "mean_ms": 1.409454079270363,
          "p50_ms": 1.3598719835281372,
          "p95_ms": 1.5425023436546323,
          "p99_ms": 1.7999666965007757,
          "p99_p50_ratio": 1.323629516824686
        },
        "compile": {
          "mean_ms": 0.5278719997406006,
          "p50_ms": 0.5263360142707825,
          "p95_ms": 0.5489664077758789,
          "p99_ms": 0.5816524976491928,
          "p99_p50_ratio": 1.1050972798337753
        },
        "compile_cuda_graph": null,
        "triton": {
          "mean_ms": 0.9604761615395546,
          "p50_ms": 0.9594879746437073,
          "p95_ms": 0.9708032011985779,
          "p99_ms": 0.9799987310171127,
          "p99_p50_ratio": 1.021376772732375
        },
        "triton_fused": {
          "mean_ms": 0.928788480758667,
          "p50_ms": 0.92876797914505,
          "p95_ms": 0.9380351901054382,
          "p99_ms": 0.9422233808040618,
          "p99_p50_ratio": 1.0144873660172884
        },
        "triton_fused_cuda_graph": {
          "mean_ms": 0.2321356812864542,
          "p50_ms": 0.2314240038394928,
          "p95_ms": 0.23347200453281403,
          "p99_ms": 0.2386124788224697,
          "p99_p50_ratio": 1.0310619247083919
        },
        "triton_full_fused": {
          "mean_ms": 0.2588006417453289,
          "p50_ms": 0.25702399015426636,
          "p95_ms": 0.2672640085220337,
          "p99_ms": 0.2703564819693565,
          "p99_p50_ratio": 1.051872557916045
        },
        "triton_full_fused_cuda_graph": {
          "mean_ms": 0.14959104172885418,
          "p50_ms": 0.14950400590896606,
          "p95_ms": 0.1515520066022873,
          "p99_ms": 0.15668224081397056,
          "p99_p50_ratio": 1.048013662653129
        }
      }
    },
    "32": {
      "pytorch_ms": 1.370357759296894,
      "compile_ms": 0.6458060769364238,
      "compile_cuda_graph_ms": NaN,
      "triton_ms": 0.9694550605490804,
      "triton_fused_ms": 0.9073093393817544,
      "triton_fused_cuda_graph_ms": 0.14813633635640144,
      "triton_full_fused_ms": 0.18799957819283009,
      "triton_full_fused_cuda_graph_ms": 0.10702885687351227,
      "speedup_compile": 2.121933825394769,
      "speedup_compile_cuda_graph": NaN,
      "speedup_triton": 1.4135340719359908,
      "speedup_triton_fused": 1.5103534151105107,
      "speedup_triton_fused_cuda_graph": 9.250652426018881,
      "speedup_triton_full_fused": 7.289153371883239,
      "speedup_triton_full_fused_cuda_graph": 12.803628846717443,
      "percentiles": {
        "pytorch": {
          "mean_ms": 1.5451852780580522,
          "p50_ms": 1.539072036743164,
          "p95_ms": 1.5760383605957031,
          "p99_ms": 1.699942405223839,
          "p99_p50_ratio": 1.1045242617890019
        },
        "compile": {
          "mean_ms": 0.542581760585308,
          "p50_ms": 0.5406720042228699,
          "p95_ms": 0.5623295903205872,
          "p99_ms": 0.5877964854240417,
          "p99_p50_ratio": 1.0871590924499703
        },
        "compile_cuda_graph": null,
        "triton": {
          "mean_ms": 0.9717094385623932,
          "p50_ms": 0.9697279930114746,
          "p95_ms": 0.9789952039718628,
          "p99_ms": 1.0056806671619414,
          "p99_p50_ratio": 1.0370750090845746
        },
        "triton_fused": {
          "mean_ms": 0.9387212806940078,
          "p50_ms": 0.9384959936141968,
          "p95_ms": 0.9472512006759644,
          "p99_ms": 0.9514290922880172,
          "p99_p50_ratio": 1.0137806647676932
        },
        "triton_fused_cuda_graph": {
          "mean_ms": 0.23005695976316928,
          "p50_ms": 0.22630399465560913,
          "p95_ms": 0.23756800591945648,
          "p99_ms": 0.2386227189004421,
          "p99_p50_ratio": 1.0544344091830091
        },
        "triton_full_fused": {
          "mean_ms": 0.2859929621219635,
          "p50_ms": 0.28467199206352234,
          "p95_ms": 0.2949120104312897,
          "p99_ms": 0.30005246996879575,
          "p99_p50_ratio": 1.0540287711263192
        },
        "triton_full_fused_cuda_graph": {
          "mean_ms": 0.17723903708159924,
          "p50_ms": 0.17715199291706085,
          "p95_ms": 0.17919999361038208,
          "p99_ms": 0.1822924821078777,
          "p99_p50_ratio": 1.0290173940816096
        }
      }
    },
    "128": {
      "pytorch_ms": 1.4821672812104225,