{
  "timestamp": "2026-04-15T06:13:50.585131",
  "config": {
    "mode": "mimo",
    "mimo_rank": 4,
    "seq_len": 256,
    "batch_sizes": [
      1,
      8,
      32,
      128
    ],
    "d_model": 512,
    "d_state": 128,
    "headdim": 32,
    "device": "cuda",
    "gpu_name": "NVIDIA A100-PCIE-40GB"
  },
  "single_step": {
    "1": {
      "pytorch_ms": 1.2595921196043491,
      "compile_ms": 0.5420742416754365,
      "compile_cuda_graph_ms": NaN,
      "triton_ms": 0.9467351017519832,
      "triton_fused_ms": 0.9156962996348739,
      "triton_fused_cuda_graph_ms": 0.23228614125400782,
      "triton_full_fused_ms": 0.2694050595164299,
      "triton_full_fused_cuda_graph_ms": 0.27339777909219265,
      "speedup_compile": 2.3236524128341114,
      "speedup_compile_cuda_graph": NaN,
      "speedup_triton": 1.3304588762721563,
      "speedup_triton_fused": 1.3755566339042768,
      "speedup_triton_fused_cuda_graph": 5.422588333528557,
      "speedup_triton_full_fused": 4.67545829267372,
      "speedup_triton_full_fused_cuda_graph": 4.607177584934226,
      "percentiles": {
        "pytorch": {
          "mean_ms": 1.3332838326692582,
          "p50_ms": 1.3096959590911865,
          "p95_ms": 1.4899712204933167,
          "p99_ms": 1.5627468574047088,
          "p99_p50_ratio": 1.1932134680243782
        },
        "compile": {
          "mean_ms": 0.5021644814312458,
          "p50_ms": 0.4986880123615265,
          "p95_ms": 0.5171712040901184,
          "p99_ms": 0.5507891267538053,
          "p99_p50_ratio": 1.1044763722022415
        },
        "compile_cuda_graph": null,
        "triton": {
          "mean_ms": 0.9780838367342949,
          "p50_ms": 0.9758719801902771,
          "p95_ms": 0.9914367794990538,
          "p99_ms": 1.0793062329292298,
          "p99_p50_ratio": 1.105991620661949
        },
        "triton_fused": {
          "mean_ms": 0.951802879869938,
          "p50_ms": 0.9441279768943787,
          "p95_ms": 0.9594879746437073,
          "p99_ms": 1.0121113157272335,
          "p99_p50_ratio": 1.0720064869346206
        },
        "triton_fused_cuda_graph": {
          "mean_ms": 0.24123904280364514,
          "p50_ms": 0.24063999950885773,
          "p95_ms": 0.24279040023684498,
          "p99_ms": 0.24781823456287383,
          "p99_p50_ratio": 1.0298297667414675
        },
        "triton_full_fused": {
          "mean_ms": 0.37613568276166914,
          "p50_ms": 0.3758080005645752,
          "p95_ms": 0.3840000033378601,
          "p99_ms": 0.38708223700523375,
          "p99_p50_ratio": 1.0299999904837611
        },
        "triton_full_fused_cuda_graph": {
          "mean_ms": 0.2837299260497093,
          "p50_ms": 0.2836480140686035,
          "p95_ms": 0.28569599986076355,
          "p99_ms": 0.289792001247406,
          "p99_p50_ratio": 1.021660603544069
        }
      }
    },
    "8": {
      "pytorch_ms": 1.4925771998241544,
      "compile_ms": 0.690363422036171,
      "compile_cuda_graph_ms": NaN,
      "triton_ms": 0.9540949203073978,
      "triton_fused_ms": 0.9254591772332788,
      "triton_fused_cuda_graph_ms": 0.25382013991475105,
      "triton_full_fused_ms": 0.35295712295919657,
      "triton_full_fused_cuda_graph_ms": 0.357365058735013,
      "speedup_compile": 2.162016630924505,
      "speedup_compile_cuda_graph": NaN,
      "speedup_triton": 1.564390678595442,
      "speedup_triton_fused": 1.6127963680540858,
      "speedup_triton_fused_cuda_graph": 5.880452198653175,
      "speedup_triton_full_fused": 4.22877766939613,
      "speedup_triton_full_fused_cuda_graph": 4.176617616471854,
      "percentiles": {
        "pytorch": {
          "mean_ms": 1.9525580787658692,
          "p50_ms": 1.5569920539855957,
          "p95_ms": 4.103526449203482,
          "p99_ms": 6.56578548431396,
          "p99_p50_ratio": 4.2169678820818834
        },
        "compile": {
          "mean_ms": 0.5366323205828667,
          "p50_ms": 0.5345280170440674,
          "p95_ms": 0.5561344027519226,
          "p99_ms": 0.5878169649839401,
          "p99_p50_ratio": 1.0996934608489932
        },
        "compile_cuda_graph": null,
        "triton": {
          "mean_ms": 0.9819187226891518,
          "p50_ms": 0.9809920191764832,
          "p95_ms": 0.9902080297470093,
          "p99_ms": 1.0171187138557432,
          "p99_p50_ratio": 1.036826695806952
        },
        "triton_fused": {
          "mean_ms": 0.9511475187540054,
          "p50_ms": 0.9502720236778259,
          "p95_ms": 0.9646080136299133,
          "p99_ms": 0.9759948605298995,
          "p99_p50_ratio": 1.0270689194368985
        },
        "triton_fused_cuda_graph": {
          "mean_ms": 0.2616883198916912,
          "p50_ms": 0.2611199915409088,
          "p95_ms": 0.2662400007247925,
          "p99_ms": 0.2682982265949249,
          "p99_p50_ratio": 1.027490178027566
        },
        "triton_full_fused": {
          "mean_ms": 0.4705433569848537,
          "p50_ms": 0.4700160026550293,
          "p95_ms": 0.47308799624443054,
          "p99_ms": 0.4803276711702346,
          "p99_p50_ratio": 1.0219389732625201
        },
        "triton_full_fused_cuda_graph": {
          "mean_ms": 0.31099391996860504,
          "p50_ms": 0.3102720081806183,
          "p95_ms": 0.31334400177001953,
          "p99_ms": 0.3143884894251823,
          "p99_p50_ratio": 1.0132673303940707
        }
      }
    },
    "32": {
      "pytorch_ms": 1.4952746173366904,
      "compile_ms": 0.6195758190006018,
      "compile_cuda_graph_ms": NaN,
      "triton_ms": 0.990909282118082,
      "triton_fused_ms": 0.9678013995289803,
      "triton_fused_cuda_graph_ms": 0.1795373810455203,
      "triton_full_fused_ms": 0.5264865001663566,
      "triton_full_fused_cuda_graph_ms": 0.5264063598588109,
      "speedup_compile": 2.4133844018454798,
      "speedup_compile_cuda_graph": NaN,
      "speedup_triton": 1.5089924419120595,
      "speedup_triton_fused": 1.5450221688710373,
      "speedup_triton_fused_cuda_graph": 8.32848629421399,
      "speedup_triton_full_fused": 2.84010058541714,
      "speedup_triton_full_fused_cuda_graph": 2.8405329634272327,
      "percentiles": {
        "pytorch": {
          "mean_ms": 1.6663193595409393,
          "p50_ms": 1.617408037185669,
          "p95_ms": 1.818419206142425,
          "p99_ms": 2.897971086502074,
          "p99_p50_ratio": 1.7917377803714993
        },
        "compile": {
          "mean_ms": 0.5472153580188751,
          "p50_ms": 0.5447679758071899,
          "p95_ms": 0.5654528111219406,
          "p99_ms": 0.5878169649839401,
          "p99_p50_ratio": 1.0790226134584433
        },
        "compile_cuda_graph": null,
        "triton": {
          "mean_ms": 1.0018099215626717,
          "p50_ms": 1.001471996307373,
          "p95_ms": 1.0117119550704956,
          "p99_ms": 1.025034295320511,
          "p99_p50_ratio": 1.0235276663751127
        },
        "triton_fused": {
          "mean_ms": 0.9674188813567162,
          "p50_ms": 0.9661440253257751,
          "p95_ms": 0.9789440035820007,
          "p99_ms": 1.0042163312435144,
          "p99_p50_ratio": 1.03940644968011
        },
        "triton_fused_cuda_graph": {
          "mean_ms": 0.27985920205712317,
          "p50_ms": 0.27955201268196106,
          "p95_ms": 0.2836480140686035,
          "p99_ms": 0.28570623993873595,
          "p99_p50_ratio": 1.0220146054314994
        },
        "triton_full_fused": {
          "mean_ms": 0.7848192012310028,
          "p50_ms": 0.6650879979133606,
          "p95_ms": 0.9390079975128174,
          "p99_ms": 0.9410662531852723,
          "p99_p50_ratio": 1.4149499857729544
        },
        "triton_full_fused_cuda_graph": {
          "mean_ms": 0.5430169758200646,
          "p50_ms": 0.5427200198173523,
          "p95_ms": 0.5447679758071899,
          "p99_ms": 0.5488640069961548,
          "p99_p50_ratio": 1.0113207306796426
        }
      }
    },
    "128": {
      "pytorch_ms": 1.5832408424466848,