{
  "timestamp": "2026-04-14T11:48:44.459595",
  "config": {
    "mode": "mimo",
    "mimo_rank": 4,
    "seq_len": 256,
    "batch_sizes": [
      1,
      8,
      32,
      128
    ],
    "d_model": 256,
    "d_state": 64,
    "headdim": 32,
    "device": "cuda",
    "gpu_name": "NVIDIA A100-PCIE-40GB"
  },
  "single_step": {
    "1": {
      "pytorch_ms": 1.2397620594128966,
      "triton_ms": 1.5660045202821493,
      "cuda_graph_ms": 0.19212835934013128,
      "speedup_triton": 0.7916720822680172,
      "speedup_cuda_graph": 6.452780129236956,
      "compile_ms": 0.49697922077029943,
      "speedup_compile": 2.4945953625411366,
      "percentiles": {
        "PyTorch": {
          "mean_ms": 1.2388624175218865,
          "p50_ms": 1.2673960300162435,
          "p95_ms": 1.3025412685237825,
          "p99_ms": 1.456862948834896
        },
        "Triton": {
          "mean_ms": 0.9447391499998048,
          "p50_ms": 0.9422159637324512,
          "p95_ms": 0.9523290209472179,
          "p99_ms": 0.9577941242605448
        },
        "CUDA Graph": {
          "mean_ms": 0.20373971085064113,
          "p50_ms": 0.2029784955084324,
          "p95_ms": 0.20582357537932694,
          "p99_ms": 0.20896398462355134
        },
        "Compile": {
          "mean_ms": 0.49464584968518466,
          "p50_ms": 0.485675991512835,
          "p95_ms": 0.5367037490941584,
          "p99_ms": 0.6757623096927999
        }
      }
    },
    "8": {
      "pytorch_ms": 1.2413813406601548,
      "triton_ms": 0.9301899606361985,
      "cuda_graph_ms": 0.22210844093933702,
      "speedup_triton": 1.3345460531643651,
      "speedup_cuda_graph": 5.5890777289243365,
      "compile_ms": 0.5496524414047599,
      "speedup_compile": 2.2584841749952513,
      "percentiles": {
        "PyTorch": {
          "mean_ms": 1.3345913612283766,
          "p50_ms": 1.3350530061870813,
          "p95_ms": 1.5284855966456234,
          "p99_ms": 1.5361591486725956
        },
        "Triton": {
          "mean_ms": 0.9552932303631678,
          "p50_ms": 0.9543800260871649,
          "p95_ms": 0.9655174915678799,
          "p99_ms": 0.978491554269567
        },
        "CUDA Graph": {
          "mean_ms": 0.23462998098693788,
          "p50_ms": 0.23380306083709002,
          "p95_ms": 0.23729654494673014,
          "p99_ms": 0.24224878172390155
        },
        "Compile": {
          "mean_ms": 0.5591381125850603,
          "p50_ms": 0.5300519987940788,
          "p95_ms": 0.7043577905278652,
          "p99_ms": 0.7287295383866875
        }
      }
    },
    "32": {
      "pytorch_ms": 1.2333059799857438,
      "triton_ms": 0.9466560394503176,
      "cuda_graph_ms": 0.24986943928524855,
      "speedup_triton": 1.3028026322019468,
      "speedup_cuda_graph": 4.935801607085745,
      "compile_ms": 0.6353962211869657,
      "speedup_compile": 1.9410030133352694,
      "percentiles": {
        "PyTorch": {
          "mean_ms": 1.4745841606054455,
          "p50_ms": 1.4970970223657787,
          "p95_ms": 1.54306999174878,
          "p99_ms": 1.5901489171665153
        },
        "Triton": {
          "mean_ms": 0.9559296141378582,
          "p50_ms": 0.9548200177960098,
          "p95_ms": 0.9685139113571495,
          "p99_ms": 0.9819550951942801
        },
        "CUDA Graph": {
          "mean_ms": 0.2620543580269441,
          "p50_ms": 0.2613914548419416,
          "p95_ms": 0.26377008180134,
          "p99_ms": 0.26737792417407036
        },
        "Compile": {
          "mean_ms": 0.6540546292671934,
          "p50_ms": 0.7031025015749037,
          "p95_ms": 0.7395629480015486,
          "p99_ms": 0.7559766410849988
        }
      }
    },
    "128": {
      "pytorch_ms": 1.2731279386207461,
      "triton_ms": 0.9307405794970691,
      "cuda_graph_ms": 0.33071111887693405,
      "speedup_triton": 1.367865511256303,
      "speedup_cuda_graph": 3.8496677793724534,
      "compile_ms": 0.5588574591092765,
      "speedup_compile": 2.278090625559324,
      "percentiles": {
        "PyTorch": {
          "mean_ms": 1.6429457266349345,
          "p50_ms": 1.593627966940403,
          "p95_ms": 1.791955018416047,
          "p99_ms": 1.8699665111489592
        },
        "Triton": {
          "mean_ms": 0.9637189115164801,
          "p50_ms": 0.9624955127947032,
          "p95_ms": 0.9736745327245444,
          "p99_ms": 0.9959923848509787
        },
        "CUDA Graph": {
          "mean_ms": 0.33865302219055593,
          "p50_ms": 0.3332505584694445,
          "p95_ms": 0.3484095213934779,
          "p99_ms": 0.35200882935896516
        },
        "Compile": {
          "mean_ms": 0.6647990888450295,
          "p50_ms": 0.5918870447203517,
          "p95_ms": 0.8818155794870108,
          "p99_ms": 1.028645436745137
        }
      }
    }
  },
  "autoregressive": {
    "1": {
      "pytorch": {
        "total_ms": 293.8031820037092,
        "per_token_ms": 1.147668679701989,
        "tokens_per_sec": 871.3316113668506
      },
      "triton": {
        "total_ms": 233.8977160397917,
        "per_token_ms": 0.9136629532804363,
        "tokens_per_sec": 1094.4955099794483
      },
      "cuda_graph": {
        "total_ms": 48.71390662932148,
        "per_token_ms": 0.19028869777078702,
        "tokens_per_sec": 5255.1728595281775
      },
      "speedup_triton": 1.2561182168778686,
      "speedup_cuda_graph": 6.03119729730043,
      "compile": {
        "total_ms": 117.52679769415408,
        "per_token_ms": 0.4590890534927894,
        "tokens_per_sec": 2178.2266259496128
      },
      "speedup_compile": 2.4998824758953107
    },
    "8": {
      "pytorch": {
        "total_ms": 315.3627580419804,
        "per_token_ms": 1.2318857736014859,
        "tokens_per_sec": 811.7635753487476
      },
      "triton": {
        "total_ms": 236.39351494299868,
        "per_token_ms": 0.9234121677460886,
        "tokens_per_sec": 1082.9400293054953
      },
      "cuda_graph": {
        "total_ms": 56.67111366832008,
        "per_token_ms": 0.22137153776687532,
        "tokens_per_sec": 4517.292557515196
      },
      "speedup_triton": 1.3340584157650157,
      "speedup_cuda_graph": 5.564788436798842,
      "compile": {
        "total_ms": 130.57872536592185,
        "per_token_ms": 0.5100731459606322,
        "tokens_per_sec": 1960.503131598268
      },
      "speedup_compile": 2.415115916917068
    },
    "32": {
      "pytorch": {
        "total_ms": 330.7498719853659,
        "per_token_ms": 1.2919916874428357,
        "tokens_per_sec": 773.9987878553941
      },
      "triton": {
        "total_ms": 242.90670962849012,
        "per_token_ms": 0.9488543344862895,
        "tokens_per_sec": 1053.9025471611517
      },
      "cuda_graph": {
        "total_ms": 57.80781867603461,
        "per_token_ms": 0.22581179170326018,
        "tokens_per_sec": 4428.466699888297
      },
      "speedup_triton": 1.3616333303070391,
      "speedup_cuda_graph": 5.721542164373085,
      "compile": {
        "total_ms": 145.40294899294773,
        "per_token_ms": 0.5679802695037021,
        "tokens_per_sec": 1760.6245387252525
      },
      "speedup_compile": 2.274712268740903
    },
    "128": {
      "pytorch": {
        "total_ms": 347.723710971574,
        "per_token_ms": 1.358295745982711,
        "tokens_per_sec": 736.2166913631256
      },
      "triton": {
        "total_ms": 241.3359610363841,
        "per_token_ms": 0.9427185977983754,
        "tokens_per_sec": 1060.761930798225
      },
      "cuda_graph": {
        "total_ms": 59.658163653997086,
        "per_token_ms": 0.23303970177342612,
        "tokens_per_sec": 4291.114313956059
      },
      "speedup_triton": 1.440828418103636,
      "speedup_cuda_graph": 5.828602318172035,
      "compile": {
        "total_ms": 152.7699896444877,
        "per_token_ms": 0.5967577720487801,
        "tokens_per_sec": 1675.7217866921355
      },
      "speedup_compile": 2.2761257743144756
    }
  }
}