{
  "timestamp": "2026-04-15T05:10:03.273555",
  "config": {
    "mode": "mimo",
    "mimo_rank": 4,
    "seq_len": 256,
    "batch_sizes": [
      1,
      8,
      32,
      128
    ],
    "d_model": 256,
    "d_state": 64,
    "headdim": 32,
    "device": "cuda",
    "gpu_name": "NVIDIA A100-PCIE-40GB"
  },
  "single_step": {
    "1": {
      "pytorch_ms": 1.168083818629384,
      "compile_ms": 0.46884320210665464,
      "compile_cuda_graph_ms": NaN,
      "triton_ms": 0.9273823210969567,
      "triton_fused_ms": 0.9009043825790286,
      "triton_fused_cuda_graph_ms": 0.19214533735066652,
      "triton_full_fused_ms": 0.1835543615743518,
      "triton_full_fused_cuda_graph_ms": 0.07828562054783106,
      "speedup_compile": 2.4914167751197613,
      "speedup_compile_cuda_graph": NaN,
      "speedup_triton": 1.2595493703693994,
      "speedup_triton_fused": 1.2965680278804927,
      "speedup_triton_fused_cuda_graph": 6.079168168924252,
      "speedup_triton_full_fused": 6.363694159107366,
      "speedup_triton_full_fused_cuda_graph": 14.920796571008932,
      "percentiles": {
        "pytorch": {
          "mean_ms": 1.2020101817324758,
          "p50_ms": 1.179247978143394,
          "p95_ms": 1.3096810434944928,
          "p99_ms": 1.4323641755618148,
          "p99_p50_ratio": 1.2146420448538116
        },
        "compile": {
          "mean_ms": 0.48471431131474674,
          "p50_ms": 0.48020691610872746,
          "p95_ms": 0.5221248371526598,
          "p99_ms": 0.543734817765653,
          "p99_p50_ratio": 1.132292766984101
        },
        "compile_cuda_graph": null,
        "triton": {
          "mean_ms": 0.9527507412713021,
          "p50_ms": 0.9511425159871578,
          "p95_ms": 0.9616579627618194,
          "p99_ms": 1.0016811802051957,
          "p99_p50_ratio": 1.0531346915615327
        },
        "triton_fused": {
          "mean_ms": 0.9216727688908577,
          "p50_ms": 0.9204373927786946,
          "p95_ms": 0.931593868881464,
          "p99_ms": 0.9462617593817412,
          "p99_p50_ratio": 1.0280566248238632
        },
        "triton_fused_cuda_graph": {
          "mean_ms": 0.12267263373360038,
          "p50_ms": 0.12182060163468122,
          "p95_ms": 0.12647559633478522,
          "p99_ms": 0.13034474337473512,
          "p99_p50_ratio": 1.0699729079127052
        },
        "triton_full_fused": {
          "mean_ms": 0.20370294689200819,
          "p50_ms": 0.20142900757491589,
          "p95_ms": 0.21347770234569907,
          "p99_ms": 0.21881335182115436,
          "p99_p50_ratio": 1.0863050682497795
        },
        "triton_full_fused_cuda_graph": {
          "mean_ms": 0.08246906800195575,
          "p50_ms": 0.08177303243428469,
          "p95_ms": 0.08456947980448604,
          "p99_ms": 0.090315374545753,
          "p99_p50_ratio": 1.1044640495426559
        }
      }
    },
    "8": {
      "pytorch_ms": 1.2919795792549849,
      "compile_ms": 0.561322458088398,
      "compile_cuda_graph_ms": NaN,
      "triton_ms": 0.9427835000678897,
      "triton_fused_ms": 0.9161668783053756,
      "triton_fused_cuda_graph_ms": 0.22191164083778858,
      "triton_full_fused_ms": 0.19510966259986162,
      "triton_full_fused_cuda_graph_ms": 0.14226180035620928,
      "speedup_compile": 2.301670921300501,
      "speedup_compile_cuda_graph": NaN,
      "speedup_triton": 1.3703884074784398,
      "speedup_triton_fused": 1.4102011433165387,
      "speedup_triton_fused_cuda_graph": 5.822045091358623,
      "speedup_triton_full_fused": 6.621812379967189,
      "speedup_triton_full_fused_cuda_graph": 9.08170412591432,
      "percentiles": {
        "pytorch": {
          "mean_ms": 1.4117630280088633,
          "p50_ms": 1.382981427013874,
          "p95_ms": 1.5688884886913002,
          "p99_ms": 1.6291307634674008,
          "p99_p50_ratio": 1.1779845568750775
        },
        "compile": {
          "mean_ms": 0.5314624856691808,
          "p50_ms": 0.5274179857224226,
          "p95_ms": 0.5594593123532831,
          "p99_ms": 0.5724660842679439,
          "p99_p50_ratio": 1.0854125186569383
        },
        "compile_cuda_graph": null,
        "triton": {
          "mean_ms": 0.9743227902799845,
          "p50_ms": 0.9727990254759789,
          "p95_ms": 0.9863556479103863,
          "p99_ms": 0.9956977399997413,
          "p99_p50_ratio": 1.0235389982145164
        },
        "triton_fused": {
          "mean_ms": 0.9418178687337786,
          "p50_ms": 0.9399865521118045,
          "p95_ms": 0.9543816093355417,
          "p99_ms": 0.9778756252489984,
          "p99_p50_ratio": 1.0403081012723758
        },
        "triton_fused_cuda_graph": {
          "mean_ms": 0.23462122422643006,
          "p50_ms": 0.23389700800180435,
          "p95_ms": 0.2364940126426518,
          "p99_ms": 0.24011266883462665,
          "p99_p50_ratio": 1.0265743494793842
        },
        "triton_full_fused": {
          "mean_ms": 0.25925676454789937,
          "p50_ms": 0.25788904167711735,
          "p95_ms": 0.26784852379933,
          "p99_ms": 0.27023266069591045,
          "p99_p50_ratio": 1.0478640695181132
        },
        "triton_full_fused_cuda_graph": {
          "mean_ms": 0.15273311757482588,
          "p50_ms": 0.15214900486171246,
          "p95_ms": 0.15480057336390018,
          "p99_ms": 0.15932927140966058,
          "p99_p50_ratio": 1.0471923332950763
        }
      }
    },
    "32": {
      "pytorch_ms": 1.4297950360924006,
      "compile_ms": 0.6661158986389637,
      "compile_cuda_graph_ms": NaN,
      "triton_ms": 0.9660232160240412,
      "triton_fused_ms": 0.9454981610178947,
      "triton_fused_cuda_graph_ms": 0.16253456007689238,
      "triton_full_fused_ms": 0.1884369971230626,
      "triton_full_fused_cuda_graph_ms": 0.11703888420015574,
      "speedup_compile": 2.146465861292034,
      "speedup_compile_cuda_graph": NaN,
      "speedup_triton": 1.4800835139109303,
      "speedup_triton_fused": 1.512213450053807,
      "speedup_triton_fused_cuda_graph": 8.796867788708989,
      "speedup_triton_full_fused": 7.587655598006817,
      "speedup_triton_full_fused_cuda_graph": 12.216410348266956,
      "percentiles": {
        "pytorch": {
          "mean_ms": 1.4705940056592226,
          "p50_ms": 1.4527159510180354,
          "p95_ms": 1.6251413733698428,
          "p99_ms": 1.6901681153103705,
          "p99_p50_ratio": 1.1634539526642722
        },
        "compile": {
          "mean_ms": 0.5467641807626933,
          "p50_ms": 0.5432640900835395,
          "p95_ms": 0.5825313040986657,
          "p99_ms": 0.6149052293039854,
          "p99_p50_ratio": 1.1318716633919783
        },
        "compile_cuda_graph": null,
        "triton": {
          "mean_ms": 0.986488324124366,
          "p50_ms": 0.9835294913500547,
          "p95_ms": 0.9969836450181901,
          "p99_ms": 1.0881391237489877,
          "p99_p50_ratio": 1.1063614597416283
        },
        "triton_fused": {
          "mean_ms": 0.9532577265053988,
          "p50_ms": 0.9515630081295967,
          "p95_ms": 0.9602247038856149,
          "p99_ms": 1.0224972316063938,
          "p99_p50_ratio": 1.0745449569505925
        },
        "triton_fused_cuda_graph": {
          "mean_ms": 0.2600559254642576,
          "p50_ms": 0.26121444534510374,
          "p95_ms": 0.26406864635646343,
          "p99_ms": 0.2676281984895468,
          "p99_p50_ratio": 1.024553592876418
        },
        "triton_full_fused": {
          "mean_ms": 0.30664387391880155,
          "p50_ms": 0.30527496710419655,
          "p95_ms": 0.31555950408801436,
          "p99_ms": 0.3173920186236501,
          "p99_p50_ratio": 1.0396922539518865
        },
        "triton_full_fused_cuda_graph": {
          "mean_ms": 0.19870733143761754,
          "p50_ms": 0.19804690964519978,
          "p95_ms": 0.20149799529463053,
          "p99_ms": 0.2064248127862811,
          "p99_p50_ratio": 1.0423026198999537
        }
      }
    },