{
  "timestamp": "2026-04-15T05:20:30.927464",
  "config": {
    "mode": "siso",
    "mimo_rank": 1,
    "seq_len": 256,
    "batch_sizes": [
      1,
      8,
      32
    ],
    "d_model": 512,
    "d_state": 128,
    "headdim": 32,
    "device": "cuda",
    "gpu_name": "NVIDIA A100-PCIE-40GB"
  },
  "single_step": {
    "1": {
      "pytorch_ms": 1.285576461814344,
      "compile_ms": 0.43876153882592916,
      "compile_cuda_graph_ms": NaN,
      "triton_ms": 0.9468907210975885,
      "triton_fused_ms": 0.9172388399019837,
      "triton_fused_cuda_graph_ms": 0.2368996199220419,
      "triton_full_fused_ms": 0.21231130231171846,
      "triton_full_fused_cuda_graph_ms": 0.15369441825896502,
      "speedup_compile": 2.930011744544395,
      "speedup_compile_cuda_graph": NaN,
      "speedup_triton": 1.3576819723443565,
      "speedup_triton_fused": 1.401572203322442,
      "speedup_triton_fused_cuda_graph": 5.426671694270328,
      "speedup_triton_full_fused": 6.0551484909966895,
      "speedup_triton_full_fused_cuda_graph": 8.364496748660267,
      "percentiles": {
        "pytorch": {
          "mean_ms": 1.4190049632452428,
          "p50_ms": 1.3477799948304892,
          "p95_ms": 1.577485387679189,
          "p99_ms": 2.1846326161175966,
          "p99_p50_ratio": 1.620911888065499
        },
        "compile": {
          "mean_ms": 0.3384803468361497,
          "p50_ms": 0.3334039356559515,
          "p95_ms": 0.3527302760630846,
          "p99_ms": 0.3856595326215028,
          "p99_p50_ratio": 1.1567335936294263
        },
        "compile_cuda_graph": null,
        "triton": {
          "mean_ms": 0.9720056620426476,
          "p50_ms": 0.9709518635645509,
          "p95_ms": 0.9819760569371283,
          "p99_ms": 0.9927319106645881,
          "p99_p50_ratio": 1.0224316445720372
        },
        "triton_fused": {
          "mean_ms": 0.9445824602153152,
          "p50_ms": 0.9445104515179992,
          "p95_ms": 0.9528135182335973,
          "p99_ms": 0.9624715149402618,
          "p99_p50_ratio": 1.019016267520805
        },
        "triton_fused_cuda_graph": {
          "mean_ms": 0.24205265450291336,
          "p50_ms": 0.24134607519954443,
          "p95_ms": 0.2436760114505887,
          "p99_ms": 0.24830347159877417,
          "p99_p50_ratio": 1.0288274685779637
        },
        "triton_full_fused": {
          "mean_ms": 0.27484283898957074,
          "p50_ms": 0.27276144828647375,
          "p95_ms": 0.28273495845496655,
          "p99_ms": 0.28628992149606347,
          "p99_p50_ratio": 1.0495981866007
        },
        "triton_full_fused_cuda_graph": {
          "mean_ms": 0.14216897427104414,
          "p50_ms": 0.14120794367045164,
          "p95_ms": 0.14499418903142214,
          "p99_ms": 0.15096252318471637,
          "p99_p50_ratio": 1.069079538025352
        }
      }
    },
    "8": {
      "pytorch_ms": 1.235087481327355,
      "compile_ms": 0.4865104192867875,
      "compile_cuda_graph_ms": NaN,
      "triton_ms": 0.9460214572027326,
      "triton_fused_ms": 0.931256921030581,
      "triton_fused_cuda_graph_ms": 0.2595842815935612,
      "triton_full_fused_ms": 0.20950930193066597,
      "triton_full_fused_cuda_graph_ms": 0.17643715720623732,
      "speedup_compile": 2.538666043654241,
      "speedup_compile_cuda_graph": NaN,
      "speedup_triton": 1.3055596909813807,
      "speedup_triton_fused": 1.3262585795985689,
      "speedup_triton_fused_cuda_graph": 4.757944023980497,
      "speedup_triton_full_fused": 5.895143890728484,
      "speedup_triton_full_fused_cuda_graph": 7.000155187740084,
      "percentiles": {
        "pytorch": {
          "mean_ms": 1.4060985040850937,
          "p50_ms": 1.3642814010381699,
          "p95_ms": 1.6299612238071857,
          "p99_ms": 1.920607527717943,
          "p99_p50_ratio": 1.4077796019621969
        },
        "compile": {
          "mean_ms": 0.40607203380204737,
          "p50_ms": 0.40196196641772985,
          "p95_ms": 0.4403386963531375,
          "p99_ms": 0.5016544857062397,
          "p99_p50_ratio": 1.2480148064180447
        },
        "compile_cuda_graph": null,
        "triton": {
          "mean_ms": 1.010962874861434,
          "p50_ms": 0.9863264858722687,
          "p95_ms": 1.1341007775627074,
          "p99_ms": 1.2358558201231062,
          "p99_p50_ratio": 1.25298857713444
        },
        "triton_fused": {
          "mean_ms": 0.9590823668986559,
          "p50_ms": 0.9531275136396289,
          "p95_ms": 0.9740026202052832,
          "p99_ms": 1.1192399775609372,
          "p99_p50_ratio": 1.1742814697342945
        },
        "triton_fused_cuda_graph": {
          "mean_ms": 0.2782780642155558,
          "p50_ms": 0.2774359891191125,
          "p95_ms": 0.28128058183938265,
          "p99_ms": 0.2887925948016345,
          "p99_p50_ratio": 1.0409341474355234
        },
        "triton_full_fused": {
          "mean_ms": 0.3082268184516579,
          "p50_ms": 0.3067079233005643,
          "p95_ms": 0.31642094254493713,
          "p99_ms": 0.3174845175817609,
          "p99_p50_ratio": 1.0351363413283454
        },
        "triton_full_fused_cuda_graph": {
          "mean_ms": 0.1132204569876194,
          "p50_ms": 0.11234695557504892,
          "p95_ms": 0.11643660254776478,
          "p99_ms": 0.12029697187244892,
          "p99_p50_ratio": 1.0707630772610417
        }
      }
    },
    "32": {
      "pytorch_ms": 1.7099445965141058,
      "compile_ms": 0.8794059231877327,
      "compile_cuda_graph_ms": NaN,
      "triton_ms": 0.9790286421775818,
      "triton_fused_ms": 0.9485834185034037,
      "triton_fused_cuda_graph_ms": 0.2225889777764678,
      "triton_full_fused_ms": 0.2488112403079867,
      "triton_full_fused_cuda_graph_ms": 0.25155554059892893,
      "speedup_compile": 1.9444315206745229,
      "speedup_compile_cuda_graph": NaN,
      "speedup_triton": 1.7465725953745348,
      "speedup_triton_fused": 1.8026296508660407,
      "speedup_triton_fused_cuda_graph": 7.682072192412404,
      "speedup_triton_full_fused": 6.872457186409586,
      "speedup_triton_full_fused_cuda_graph": 6.797483340827622,
      "percentiles": {
        "pytorch": {
          "mean_ms": 1.9725074421148747,
          "p50_ms": 1.9002320477738976,
          "p95_ms": 2.212575171142816,
          "p99_ms": 2.9851706000044897,
          "p99_p50_ratio": 1.5709505602232035
        },
        "compile": {
          "mean_ms": 0.41497346363030374,
          "p50_ms": 0.41253806557506323,
          "p95_ms": 0.42967653134837747,
          "p99_ms": 0.4622958041727543,
          "p99_p50_ratio": 1.1206136905895716
        },
        "compile_cuda_graph": null,
        "triton": {
          "mean_ms": 1.0064149822574109,
          "p50_ms": 1.0046064853668213,
          "p95_ms": 1.0185673250816762,
          "p99_ms": 1.0327878268435595,
          "p99_p50_ratio": 1.0280521197973833
        },
        "triton_fused": {
          "mean_ms": 0.9829491283744574,
          "p50_ms": 0.9820529958233237,
          "p95_ms": 0.993950036354363,
          "p99_ms": 1.0208275238983333,
          "p99_p50_ratio": 1.0394831320101032
        },
        "triton_fused_cuda_graph": {
          "mean_ms": 0.3125571727287024,
          "p50_ms": 0.3258194774389267,
          "p95_ms": 0.329308386426419,
          "p99_ms": 0.3317051101475954,
          "p99_p50_ratio": 1.018064091057208
        },
        "triton_full_fused": {
          "mean_ms": 0.39161807275377214,
          "p50_ms": 0.3902000607922673,
          "p95_ms": 0.3996444749645889,
          "p99_ms": 0.4028054000809788,
          "p99_p50_ratio": 1.0323048111861322
        },
        "triton_full_fused_cuda_graph": {
          "mean_ms": 0.26849021087400615,
          "p50_ms": 0.26793847791850567,
          "p95_ms": 0.2729981788434088,
          "p99_ms": 0.2784190489910543,
          "p99_p50_ratio": 1.039115587854225
        }
      }
    }
  },