{
  "timestamp": "2026-04-15T05:09:31.715465",
  "config": {
    "mode": "siso",
    "mimo_rank": 1,
    "seq_len": 256,
    "batch_sizes": [
      1,
      8,
      32,
      128
    ],
    "d_model": 256,
    "d_state": 64,
    "headdim": 32,
    "device": "cuda",
    "gpu_name": "NVIDIA A100-PCIE-40GB"
  },
  "single_step": {
    "1": {
      "pytorch_ms": 1.1543589970096946,
      "compile_ms": 0.36441825795918703,
      "compile_cuda_graph_ms": NaN,
      "triton_ms": 0.9339677402749658,
      "triton_fused_ms": 0.9060442028567195,
      "triton_fused_cuda_graph_ms": 0.19156722351908684,
      "triton_full_fused_ms": 0.19975682254880667,
      "triton_full_fused_cuda_graph_ms": 0.08236727677285671,
      "speedup_compile": 3.1676760749429214,
      "speedup_compile_cuda_graph": NaN,
      "speedup_triton": 1.2359730933210222,
      "speedup_triton_fused": 1.2740647678888612,
      "speedup_triton_fused_cuda_graph": 6.02586901769592,
      "speedup_triton_full_fused": 5.778821380319311,
      "speedup_triton_full_fused_cuda_graph": 14.014776768607478,
      "percentiles": {
        "pytorch": {
          "mean_ms": 1.1945428559556603,
          "p50_ms": 1.1558219557628036,
          "p95_ms": 1.3303056242875755,
          "p99_ms": 1.3502256013453007,
          "p99_p50_ratio": 1.1681951485808186
        },
        "compile": {
          "mean_ms": 0.3202024847269058,
          "p50_ms": 0.31581486109644175,
          "p95_ms": 0.3355300985276699,
          "p99_ms": 0.36507205571979284,
          "p99_p50_ratio": 1.155968577451804
        },
        "compile_cuda_graph": null,
        "triton": {
          "mean_ms": 0.9536315558943897,
          "p50_ms": 0.9519930463284254,
          "p95_ms": 0.9622516576200724,
          "p99_ms": 0.9808035567402837,
          "p99_p50_ratio": 1.0302633622409034
        },
        "triton_fused": {
          "mean_ms": 0.9209880197886378,
          "p50_ms": 0.9206336690112948,
          "p95_ms": 0.9295626427046955,
          "p99_ms": 0.9349221945740283,
          "p99_p50_ratio": 1.015520316108011
        },
        "triton_fused_cuda_graph": {
          "mean_ms": 0.20486557972617447,
          "p50_ms": 0.2037941012531519,
          "p95_ms": 0.2106354688294232,
          "p99_ms": 0.21827343385666606,
          "p99_p50_ratio": 1.0710488307290504
        },
        "triton_full_fused": {
          "mean_ms": 0.24866396561264992,
          "p50_ms": 0.2502684947103262,
          "p95_ms": 0.26964007411152124,
          "p99_ms": 0.2866212022490799,
          "p99_p50_ratio": 1.14525482954149
        },
        "triton_full_fused_cuda_graph": {
          "mean_ms": 0.09578423807397485,
          "p50_ms": 0.09478791616857052,
          "p95_ms": 0.09743247646838427,
          "p99_ms": 0.10620070621371239,
          "p99_p50_ratio": 1.1204034280577009
        }
      }
    },
    "8": {
      "pytorch_ms": 1.4244753774255514,
      "compile_ms": 0.6094331201165915,
      "compile_cuda_graph_ms": NaN,
      "triton_ms": 0.9377815388143063,
      "triton_fused_ms": 0.9178061410784721,
      "triton_fused_cuda_graph_ms": 0.2260967018082738,
      "triton_full_fused_ms": 0.20068864338099957,
      "triton_full_fused_cuda_graph_ms": 0.0993545027449727,
      "speedup_compile": 2.337377688224482,
      "speedup_compile_cuda_graph": NaN,
      "speedup_triton": 1.5189842393641078,
      "speedup_triton_fused": 1.5520438507326997,
      "speedup_triton_fused_cuda_graph": 6.30029260061247,
      "speedup_triton_full_fused": 7.097937149942463,
      "speedup_triton_full_fused_cuda_graph": 14.337300656437831,
      "percentiles": {
        "pytorch": {
          "mean_ms": 1.4931242971215397,
          "p50_ms": 1.4805488754063845,
          "p95_ms": 1.6205917578190565,
          "p99_ms": 1.6384867881424725,
          "p99_p50_ratio": 1.10667524413386
        },
        "compile": {
          "mean_ms": 0.39157743216492236,
          "p50_ms": 0.389271997846663,
          "p95_ms": 0.4053183016367256,
          "p99_ms": 0.44106554705649614,
          "p99_p50_ratio": 1.1330523374307417
        },
        "compile_cuda_graph": null,
        "triton": {
          "mean_ms": 0.9824913798365742,
          "p50_ms": 0.9813200449571013,
          "p95_ms": 0.993607728742063,
          "p99_ms": 1.0122380731627345,
          "p99_p50_ratio": 1.031506569507591
        },
        "triton_fused": {
          "mean_ms": 0.9507848182693124,
          "p50_ms": 0.9507458889856935,
          "p95_ms": 0.958262849599123,
          "p99_ms": 0.9615097404457628,
          "p99_p50_ratio": 1.0113214809390896
        },
        "triton_fused_cuda_graph": {
          "mean_ms": 0.23988460307009518,
          "p50_ms": 0.2383498940616846,
          "p95_ms": 0.24314098991453648,
          "p99_ms": 0.24983418872579896,
          "p99_p50_ratio": 1.048182503748637
        },
        "triton_full_fused": {
          "mean_ms": 0.23319698753766716,
          "p50_ms": 0.23149698972702026,
          "p95_ms": 0.2536714659072459,
          "p99_ms": 0.2644748636521398,
          "p99_p50_ratio": 1.1424548715039742
        },
        "triton_full_fused_cuda_graph": {
          "mean_ms": 0.0933116883970797,
          "p50_ms": 0.09218836203217506,
          "p95_ms": 0.09808102622628212,
          "p99_ms": 0.10348629206418986,
          "p99_p50_ratio": 1.1225526713238667
        }
      }
    },
    "32": {
      "pytorch_ms": 1.2402423797175288,
      "compile_ms": 0.4782755998894572,
      "compile_cuda_graph_ms": NaN,
      "triton_ms": 0.9522769600152969,
      "triton_fused_ms": 0.9368215035647154,
      "triton_fused_cuda_graph_ms": 0.19151992164552212,
      "triton_full_fused_ms": 0.20666738040745258,
      "triton_full_fused_cuda_graph_ms": 0.09248624090105295,
      "speedup_compile": 2.5931541981321717,
      "speedup_compile_cuda_graph": NaN,
      "speedup_triton": 1.302396709984043,
      "speedup_triton_fused": 1.3238833384996624,
      "speedup_triton_fused_cuda_graph": 6.475787840040225,
      "speedup_triton_full_fused": 6.001152079599325,
      "speedup_triton_full_fused_cuda_graph": 13.410020427194254,
      "percentiles": {
        "pytorch": {
          "mean_ms": 1.3355524220969528,
          "p50_ms": 1.3567504938691854,
          "p95_ms": 1.5351566136814654,
          "p99_ms": 1.5516512724570928,
          "p99_p50_ratio": 1.143652631392887
        },
        "compile": {
          "mean_ms": 0.4050743964035064,
          "p50_ms": 0.399005482904613,
          "p95_ms": 0.434409116860479,
          "p99_ms": 0.5716923135332762,
          "p99_p50_ratio": 1.4327931269805283
        },
        "compile_cuda_graph": null,
        "triton": {
          "mean_ms": 0.9916011325549334,
          "p50_ms": 0.9891960071399808,
          "p95_ms": 1.0043742367997763,
          "p99_ms": 1.0339641384780407,
          "p99_p50_ratio": 1.0452570886001613
        },
        "triton_fused": {
          "mean_ms": 0.9584881912451237,
          "p50_ms": 0.9569530375301838,
          "p95_ms": 0.9745200397446752,
          "p99_ms": 0.9894747170619667,
          "p99_p50_ratio": 1.0339846139322768
        },
        "triton_fused_cuda_graph": {
          "mean_ms": 0.259723961353302,
          "p50_ms": 0.2586949849501252,
          "p95_ms": 0.2638374222442508,
          "p99_ms": 0.27488749939948315,
          "p99_p50_ratio": 1.0625930744365986
        },
        "triton_full_fused": {
          "mean_ms": 0.2572550461627543,
          "p50_ms": 0.25490252301096916,
          "p95_ms": 0.2863155328668654,
          "p99_ms": 0.3002754575572908,
          "p99_p50_ratio": 1.1780011198412859
        },
        "triton_full_fused_cuda_graph": {
          "mean_ms": 0.09664326789788902,
          "p50_ms": 0.09587500244379044,
          "p95_ms": 0.10214349022135139,
          "p99_ms": 0.10452107759192585,
          "p99_p50_ratio": 1.0901807032881634
        }
      }
    },