{
  "timestamp": "2026-04-13T10:33:36.908662",
  "config": {
    "mode": "siso",
    "mimo_rank": 1,
    "seq_len": 256,
    "batch_sizes": [
      1,
      8,
      32,
      128
    ],
    "d_model": 256,
    "d_state": 64,
    "headdim": 32,
    "device": "cuda",
    "gpu_name": "NVIDIA A100-PCIE-40GB"
  },
  "single_step": {
    "1": {
      "pytorch_ms": 1.1274084611795843,
      "triton_ms": 0.912147480994463,
      "speedup": 1.2359936136099772
    },
    "8": {
      "pytorch_ms": 1.1402425589039922,
      "triton_ms": 0.9436392597854137,
      "speedup": 1.208345823978632
    },
    "32": {
      "pytorch_ms": 1.221390140708536,
      "triton_ms": 0.9486477985046804,
      "speedup": 1.2875064303461934
    },
    "128": {
      "pytorch_ms": 1.059586580377072,
      "triton_ms": 0.9523046598769724,
      "speedup": 1.1126550409970264
    }
  },
  "autoregressive": {
    "1": {
      "pytorch": {
        "total_ms": 295.1556346767272,
        "per_token_ms": 1.1529516979559655,
        "tokens_per_sec": 867.3390236320141
      },
      "triton": {
        "total_ms": 229.92343734949827,
        "per_token_ms": 0.8981384271464776,
        "tokens_per_sec": 1113.4141127633877
      },
      "speedup": 1.2837126918386828
    },
    "8": {
      "pytorch": {
        "total_ms": 291.2562760369231,
        "per_token_ms": 1.137719828269231,
        "tokens_per_sec": 878.951016896015
      },
      "triton": {
        "total_ms": 241.38167298709354,
        "per_token_ms": 0.9428971601058341,
        "tokens_per_sec": 1060.5610477050927
      },
      "speedup": 1.2066213330640736
    },
    "32": {
      "pytorch": {
        "total_ms": 282.5100136687979,
        "per_token_ms": 1.1035547408937418,
        "tokens_per_sec": 906.1625698695514
      },
      "triton": {
        "total_ms": 242.20329402790716,
        "per_token_ms": 0.9461066172965124,
        "tokens_per_sec": 1056.9633292043632
      },
      "speedup": 1.1664168928943077
    },
    "128": {
      "pytorch": {
        "total_ms": 323.41939862817526,
        "per_token_ms": 1.2633570258913096,
        "tokens_per_sec": 791.5418836527949
      },
      "triton": {
        "total_ms": 242.02925599335381,
        "per_token_ms": 0.9454267812240383,
        "tokens_per_sec": 1057.723368810545
      },
      "speedup": 1.336282249436227
    }
  }
}