{
  "timestamp": "2026-04-13T10:31:42.435201",
  "config": {
    "mode": "siso",
    "mimo_rank": 1,
    "seq_len": 256,
    "batch_sizes": [
      1,
      8,
      32,
      128
    ],
    "d_model": 256,
    "d_state": 64,
    "headdim": 32,
    "device": "cuda",
    "gpu_name": "NVIDIA A100-PCIE-40GB"
  },
  "single_step": {
    "1": {
      "pytorch_ms": 1.1329096811823547,
      "triton_ms": 0.9054756816476583,
      "speedup": 1.2511762647461098
    },
    "8": {
      "pytorch_ms": 1.1354998010210693,
      "triton_ms": 0.915896778460592,
      "speedup": 1.2397683098411794
    },
    "32": {
      "pytorch_ms": 1.2060789414681494,
      "triton_ms": 0.937513099052012,
      "speedup": 1.2864662293121067
    },
    "128": {
      "pytorch_ms": 1.0484230215661228,
      "triton_ms": 0.941825860645622,
      "speedup": 1.1131813909287098
    }
  },
  "autoregressive": {
    "1": {
      "pytorch": {
        "total_ms": 286.5986483326803,
        "per_token_ms": 1.1195259700495324,
        "tokens_per_sec": 893.2351966393026
      },
      "triton": {
        "total_ms": 231.53885337524116,
        "per_token_ms": 0.9044486459970358,
        "tokens_per_sec": 1105.645969426635
      },
      "speedup": 1.2377993764537092
    },
    "8": {
      "pytorch": {
        "total_ms": 293.2137309495981,
        "per_token_ms": 1.1453661365218675,
        "tokens_per_sec": 873.0832596786031
      },
      "triton": {
        "total_ms": 238.28657266373435,
        "per_token_ms": 0.9308069244677123,
        "tokens_per_sec": 1074.3366574887227
      },
      "speedup": 1.230508826711675
    },
    "32": {
      "pytorch": {
        "total_ms": 281.7057173233479,
        "per_token_ms": 1.1004129582943278,
        "tokens_per_sec": 908.7497493214086
      },
      "triton": {
        "total_ms": 240.32147500353554,
        "per_token_ms": 0.9387557617325607,
        "tokens_per_sec": 1065.2398001311942
      },
      "speedup": 1.172203679755226
    },
    "128": {
      "pytorch": {
        "total_ms": 325.7452816469595,
        "per_token_ms": 1.2724425064334355,
        "tokens_per_sec": 785.8901246571272
      },
      "triton": {
        "total_ms": 239.20604637047896,
        "per_token_ms": 0.9343986186346834,
        "tokens_per_sec": 1070.2070615870252
      },
      "speedup": 1.3617769558485564
    }
  }
}