{
  "timestamp": "2026-04-14T11:47:51.618748",
  "config": {
    "mode": "siso",
    "mimo_rank": 1,
    "seq_len": 256,
    "batch_sizes": [
      1,
      8,
      32,
      128
    ],
    "d_model": 256,
    "d_state": 64,
    "headdim": 32,
    "device": "cuda",
    "gpu_name": "NVIDIA A100-PCIE-40GB"
  },
  "single_step": {
    "1": {
      "pytorch_ms": 1.3354826997965574,
      "triton_ms": 0.8969770791009068,
      "cuda_graph_ms": 0.10647558141499758,
      "speedup_triton": 1.4888704861167585,
      "speedup_cuda_graph": 12.542619463061683,
      "compile_ms": 0.35056493943557143,
      "speedup_compile": 3.8095158687196644,
      "percentiles": {
        "PyTorch": {
          "mean_ms": 1.1290205630939454,
          "p50_ms": 1.1236380087211728,
          "p95_ms": 1.303234021179378,
          "p99_ms": 1.319718271261081
        },
        "Triton": {
          "mean_ms": 0.9287510043941438,
          "p50_ms": 0.9251889423467219,
          "p95_ms": 0.9452175232581794,
          "p99_ms": 0.9625961957499383
        },
        "CUDA Graph": {
          "mean_ms": 0.20244068757165223,
          "p50_ms": 0.2015859936363995,
          "p95_ms": 0.20584007143042982,
          "p99_ms": 0.20827140426263213
        },
        "Compile": {
          "mean_ms": 0.3521968692075461,
          "p50_ms": 0.32579153776168823,
          "p95_ms": 0.5027381470426917,
          "p99_ms": 0.5160839378368107
        }
      }
    },
    "8": {
      "pytorch_ms": 1.240252461284399,
      "triton_ms": 0.9349337802268565,
      "cuda_graph_ms": 0.227205001283437,
      "speedup_triton": 1.3265671724723207,
      "speedup_cuda_graph": 5.45873750260097,
      "compile_ms": 0.5667170602828264,
      "speedup_compile": 2.188486192149284,
      "percentiles": {
        "PyTorch": {
          "mean_ms": 1.4390338689554483,
          "p50_ms": 1.40074995579198,
          "p95_ms": 1.5273256925866008,
          "p99_ms": 1.6446561412885727
        },
        "Triton": {
          "mean_ms": 0.9614654898177832,
          "p50_ms": 0.9592145215719938,
          "p95_ms": 0.9769810538273305,
          "p99_ms": 0.982472887262702
        },
        "CUDA Graph": {
          "mean_ms": 0.23963703424669802,
          "p50_ms": 0.23881299421191216,
          "p95_ms": 0.24188405368477106,
          "p99_ms": 0.2479539148043841
        },
        "Compile": {
          "mean_ms": 0.564689208404161,
          "p50_ms": 0.5675205029547215,
          "p95_ms": 0.708660576492548,
          "p99_ms": 0.7316708203870803
        }
      }
    },
    "32": {
      "pytorch_ms": 1.2074896390549839,
      "triton_ms": 0.9338715206831694,
      "cuda_graph_ms": 0.24429209996014836,
      "speedup_triton": 1.292993321149413,
      "speedup_cuda_graph": 4.94281083691189,
      "compile_ms": 0.4644626588560641,
      "speedup_compile": 2.5997561182398132,
      "percentiles": {
        "PyTorch": {
          "mean_ms": 1.3048718316713348,
          "p50_ms": 1.2845900491811335,
          "p95_ms": 1.50557134184055,
          "p99_ms": 1.5315156080760062
        },
        "Triton": {
          "mean_ms": 0.9648268803721294,
          "p50_ms": 0.9623500518500805,
          "p95_ms": 0.9828685142565519,
          "p99_ms": 0.9918193297926337
        },
        "CUDA Graph": {
          "mean_ms": 0.2411396149545908,
          "p50_ms": 0.23997551761567593,
          "p95_ms": 0.2444895391818136,
          "p99_ms": 0.299711984116584
        },
        "Compile": {
          "mean_ms": 0.6159842788474634,
          "p50_ms": 0.42480300180613995,
          "p95_ms": 1.6644232324324548,
          "p99_ms": 1.674727542558685
        }
      }
    },
    "128": {
      "pytorch_ms": 1.3087571016512811,
      "triton_ms": 1.0003030393272638,
      "cuda_graph_ms": 0.21796125918626785,
      "speedup_triton": 1.308360616930108,
      "speedup_cuda_graph": 6.004540011088982,
      "compile_ms": 0.7853492186404765,
      "speedup_compile": 1.6664651477171897,
      "percentiles": {
        "PyTorch": {
          "mean_ms": 1.9117250002454966,
          "p50_ms": 1.9051830167882144,
          "p95_ms": 1.9562551577109843,
          "p99_ms": 2.083214122103527
        },
        "Triton": {
          "mean_ms": 0.9773984918138012,
          "p50_ms": 0.9779504616744816,
          "p95_ms": 0.9932586282957345,
          "p99_ms": 1.0098932159598917
        },
        "CUDA Graph": {
          "mean_ms": 0.2999771002214402,
          "p50_ms": 0.3036435227841139,
          "p95_ms": 0.3071854938752949,
          "p99_ms": 0.3161488624755293
        },
        "Compile": {
          "mean_ms": 1.616975620854646,
          "p50_ms": 0.8947040187194943,
          "p95_ms": 3.1947830982971936,
          "p99_ms": 4.181842013495043
        }
      }
    }
  },
  "autoregressive": {
    "1": {
      "pytorch": {
        "total_ms": 263.9134832813094,
        "per_token_ms": 1.030912044067615,
        "tokens_per_sec": 970.0148579643643
      },
      "triton": {
        "total_ms": 232.21289432452372,
        "per_token_ms": 0.9070816184551708,
        "tokens_per_sec": 1102.4366271505714
      },
      "cuda_graph": {
        "total_ms": 48.279563314281404,
        "per_token_ms": 0.18859204419641173,
        "tokens_per_sec": 5302.450611111339
      },
      "speedup_triton": 1.1365151967508027,
      "speedup_cuda_graph": 5.466360198068364,
      "compile": {
        "total_ms": 80.08983661420643,
        "per_token_ms": 0.3128509242742439,
        "tokens_per_sec": 3196.410566213971
      },
      "speedup_compile": 3.2952181504949674
    },
    "8": {
      "pytorch": {
        "total_ms": 293.8047179874654,
        "per_token_ms": 1.1476746796385366,
        "tokens_per_sec": 871.3270561261775
      },
      "triton": {
        "total_ms": 239.93672170521072,
        "per_token_ms": 0.9372528191609794,
        "tokens_per_sec": 1066.9479777027414
      },
      "cuda_graph": {
        "total_ms": 56.52331133993963,
        "per_token_ms": 0.22079418492163919,
        "tokens_per_sec": 4529.104787587156
      },
      "speedup_triton": 1.224509178500978,
      "speedup_cuda_graph": 5.197938886143453,
      "compile": {
        "total_ms": 111.33263698623826,
        "per_token_ms": 0.4348931132274932,
        "tokens_per_sec": 2299.415579563107
      },
      "speedup_compile": 2.6389810386309485
    },
    "32": {
      "pytorch": {
        "total_ms": 279.4341146557902,
        "per_token_ms": 1.0915395103741805,
        "tokens_per_sec": 916.1372451439704
      },
      "triton": {
        "total_ms": 238.6277432863911,
        "per_token_ms": 0.9321396222124653,
        "tokens_per_sec": 1072.8006579384169
      },
      "cuda_graph": {
        "total_ms": 37.68151668676486,
        "per_token_ms": 0.14719342455767523,
        "tokens_per_sec": 6793.781739945639
      },
      "speedup_triton": 1.1710043048951981,
      "speedup_cuda_graph": 7.415681194009311,
      "compile": {
        "total_ms": 115.7814539813747,
        "per_token_ms": 0.4522713046147449,
        "tokens_per_sec": 2211.0622314449574
      },
      "speedup_compile": 2.413461785518272
    },
    "128": {
      "pytorch": {
        "total_ms": 342.87660964764655,
        "per_token_ms": 1.3393617564361193,
        "tokens_per_sec": 746.6242747298384
      },
      "triton": {
        "total_ms": 240.27397270159176,
        "per_token_ms": 0.9385702058655928,
        "tokens_per_sec": 1065.4503986494583
      },
      "cuda_graph": {
        "total_ms": 56.00592967433234,
        "per_token_ms": 0.21877316279036071,
        "tokens_per_sec": 4570.944567630763
      },
      "speedup_triton": 1.427023517330702,
      "speedup_cuda_graph": 6.122148344674078,
      "compile": {
        "total_ms": 150.59058003438017,
        "per_token_ms": 0.5882444532592975,
        "tokens_per_sec": 1699.9735304927747
      },
      "speedup_compile": 2.2768795336957135
    }
  }
}